Êó•Êúü,Áî®Êà∑ÁªÑÂà´,Áî®Êà∑Èá?Ê¥ªË∑ÉÂ§©Êï∞(bf),Ê¥ªË∑ÉÊ¨°Êï∞(bf),Ê∏∏Êàè‰∏™Êï∞(bf),‰ΩøÁî®Êó∂Èïø(bf),‰ªòË¥πÈáëÈ¢ù(bf),Ê∂àË¥π‰ª£ÈáëÂà∏ÁöÑÈáëÈ¢ù(bf),Âá?‰ªòË¥πÈáëÈ¢ù(bf)
20190305,A,26329,2.1584,2.2457,1.1311,84.2037024,121772.73,1820,119852.72
20190305,B,26320,2.1574,2.2453,1.1388,85.44140237,118513.73,3950,114573.72
20190305,D,26439,2.159,2.2497,1.1423,84.21388529,126767.34,1643,125024.35
20190305,A,26329,2.1584,2.2457,1.1311,84.2037024,121772.73,1820,119852.72
20190305,B,26320,2.1574,2.2453,1.1388,85.44140237,118513.73,3950,114573.72
20190305,D,26439,2.159,2.2497,1.1423,84.21388529,126767.34,1643,125024.35
20190305,A,26329,2.1584,2.2457,1.1311,84.2037024,121772.73,1820,119852.72
20190305,B,26320,2.1574,2.2453,1.1388,85.44140237,118513.73,3950,114573.72
20190305,D,26439,2.159,2.2497,1.1423,84.21388529,126767.34,1643,125024.35
20190305,A,26329,2.1584,2.2457,1.1311,84.2037024,121772.73,1820,119852.72
20190305,B,26320,2.1574,2.2453,1.1388,85.44140237,118513.73,3950,114573.72
20190305,D,26439,2.159,2.2497,1.1423,84.21388529,126767.34,1643,125024.35
20190305,A,26329,2.1584,2.2457,1.1311,84.2037024,121772.73,1820,119852.72
20190305,B,26320,2.1574,2.2453,1.1388,85.44140237,118513.73,3950,114573.72
20190305,D,26439,2.159,2.2497,1.1423,84.21388529,126767.34,1643,125024.35
